id,intitule,description,dateCreation,dateActualisation,romeCode,romeLibelle,appellationlibelle,typeContrat,typeContratLibelle,natureContrat,experienceExige,experienceLibelle,alternance,nombrePostes,accessibleTH,lieuTravail.libelle,lieuTravail.latitude,lieuTravail.longitude,lieuTravail.codePostal,lieuTravail.commune,entreprise.nom,entreprise.description,entreprise.entrepriseAdaptee,origineOffre.origine,origineOffre.urlOrigine,origineOffre.partenaires,qualificationCode,qualificationLibelle
7391501,Poissonnier (H/F),"Mettre en scène ,animer l'étal .theatraliser grace a vos talents d'imaginations et de décoration 
Acceuillir les clients apporter des solutions ,des idées recettes ,vous préparez et transformez tout type de poisson
Vous réalisez ,l'ouverture ,la fermeture de votre rayon 
Dans le respect des régles d'hygiéne ,de sécurité ,tracabilité
 Vous faites preuve de rigueur ,d'organisation et vous etes a l'aise avec le contact clients 
Chez Leclerc, chaque collaborateur est force de proposition ,qu'il s'agisse du développement de vos missions 
Nous sommes à l'écoute de vos idées pour vous permettre de continuer à evoluer au sein de l'entreprise",2021-07-03T20:35:43.000Z,2024-01-05T02:57:29.000Z,D1105,Poissonnerie,Poissonnier / Poissonnière,CDI,Contrat à durée indéterminée,Contrat travail,E,Expérience exigée,False,1,False,95 - GONESSE,48.985195,2.457867,95500,95277,Leclerc Gonesse,"Hypermarché 6000 m&sup2;, au sein d'un centre commercial de proximité et proche du golf de Gonesse (95500), 200 personnes, enseigne nationale E.LECLERC recherche :",False,2,https://candidat.pole-emploi.fr/offres/recherche/detail/7391501,"[{'nom': 'DISTRIJOB', 'url': 'https://www.distrijob.fr/offre-emploi/poissonnier-h-f-gonesse-1229661.aspx?utm_source=pole-emploi&utm_medium=referral&utm_campaign=mareyeur', 'logo': 'https://www.pole-emploi.fr/static/img/partenaires/distrijob80.png'}]",,
7165513,Comptable (H/F),"Vous assistez le responsable administratif, comptable et financier du magasin.
 
 
Même avec peu d'expériences, en entreprise ou en cabinet, vous détenez un dipl&ocirc;me d'études supérieures de type bac+2.
Vous possédez une importante capacité de travail.
Vous êtes rigoureux, volontaire et doté d'un bon sens de la communication.
Excellente opportunité pour un candidat voulant concrétiser ses expériences et avoir une perspective d'évolution.
Statut et Salaire à négocier en fonction du profil.
Participation, Interressement, Mutuelle...
Envoyer votre dossier en toute confidentialité à enzomonnet @ orange.fr",2021-06-30T15:02:46.000Z,2024-01-05T02:57:29.000Z,M1203,Comptabilité,Comptable,CDI,Contrat à durée indéterminée,Contrat travail,E,Expérience exigée,False,1,False,Occitanie,,,,,,"Hypermarché à 1H15 de Béziers cherche son
comptable H F",False,2,https://candidat.pole-emploi.fr/offres/recherche/detail/7165513,"[{'nom': 'DISTRIJOB', 'url': 'https://www.distrijob.fr/offre-emploi/comptable-languedoc-roussillon-1243614.aspx?utm_source=pole-emploi&utm_medium=referral&utm_campaign=comptable', 'logo': 'https://www.pole-emploi.fr/static/img/partenaires/distrijob80.png'}]",,
7165043,Responsable bazar (H/F),"Directement sous l'autorité du Directeur, vous encadrerez une demi douzaine de personnes. Vous avez impérativement une ou plusieurs expériences réussies en tant que responsable Bazar.
Vous connaissez impérativement les spécificités du commerce alimentaire indépendant ou intégré en HYPERMARCHES pour en être issu ou y avoir travaillé récemment plusieurs années. 
Si vous êtes en poste, votre dossier sera traité en toute confidentialité. 
Merci d'envoyer votre dossier sous référence baz1 uniquement sous forme dématérialisée à j.valjean @ orange . fr
Rémunération à négocier.
Véritable opportunité pour réaliser ses ambitions dans un magasin performant en progression même pendant le confinement.",2021-06-30T14:59:58.000Z,2024-01-05T02:57:48.000Z,D1301,Management de magasin de détail,Responsable de boutique,CDI,Contrat à durée indéterminée,Contrat travail,E,Expérience exigée,False,1,False,Occitanie,,,,,,"Hypermarché leader sur sa zone recherche son 
Responsable Bazar (H F)",False,2,https://candidat.pole-emploi.fr/offres/recherche/detail/7165043,"[{'nom': 'DISTRIJOB', 'url': 'https://www.distrijob.fr/offre-emploi/responsable-bazar-languedoc-roussillon-1253384.aspx?utm_source=pole-emploi&utm_medium=referral&utm_campaign=', 'logo': 'https://www.pole-emploi.fr/static/img/partenaires/distrijob80.png'}]",,
6947225,Chef de rayon boulangerie viennoiserie (H/F),"Sous l'autorité du directeur et en collaboration avec celui-ci le titulaire du poste est chargé d'appliquer et de faire appliquer la politique commerciale définie par l'enseigne.
Vous rendez compte de vos résultats en terme de CA, de marges et de frais.
Vous animez votre équipe de 7 personnes dans un souci permanent de rentabilité et d'efficacité.
Vous disposerez de tous les moyens nécessaires à votre action.
 Homme   Femme de terrain et de commerce, professionnel de la boulangerie, bon négociateur et animateur d'équipe, vous justifiez d'une expérience réussie acquise en Hypermarché ou en Supermarché.",2021-06-26T17:58:32.000Z,2024-01-05T02:57:39.000Z,D1502,Management/gestion de rayon produits alimentaires,Chef de rayon boulangerie,CDI,Contrat à durée indéterminée,Contrat travail,E,Expérience exigée,False,1,False,45 - Loiret,,,,,Palmer International,"Hypermarché indépendant de 8 000 m&sup2;
Chef de rayon Boulangerie Viennoiserie H F",False,2,https://candidat.pole-emploi.fr/offres/recherche/detail/6947225,"[{'nom': 'DISTRIJOB', 'url': 'https://www.distrijob.fr/offre-emploi/chef-de-rayon-boulangerie-viennoiserie-loiret-1288698.aspx?utm_source=pole-emploi&utm_medium=referral&utm_campaign=manager-rayon-alimentaire', 'logo': 'https://www.pole-emploi.fr/static/img/partenaires/distrijob80.png'}]",,
5652314,Responsable magasin (H/F),"Vous avez en charge l'ensemble de la gestion commerciale du point de vente. Véritable chef d'orchestre, vous ma&icirc;trisez parfaitement le terrain. Manager participatif et fédérateur, vous veillez à préserver une ambiance dynamique et agréable au sein des équipes. passionné par votre domaine d'activité vous savez anticiper les difficultés et corriger en fonction des résultats. Vous êtes garant de vos marges. Le salaire est en fonction de votre profil et s'accompagne d'une prime annuelle sur résultats définie avec le pdg. Rigoureux, organisé, terrain, commer&ccedil;ant. De fortes capacités à anticiper et à voir le travail à accomplir. Vous savez entretenir une ambiance agrable et dynamqiue au sein de vos équipes. Homme de dialogue, vous êtes à l'écoute de votre hiérarchie tout en étant force de proposition. Une excellente ma&icirc;trise du PGC est indispensable.",2021-06-04T20:41:00.000Z,2024-01-09T20:25:04.000Z,D1301,Management de magasin de détail,Responsable de boutique,CDI,Contrat à durée indéterminée,Contrat travail,E,Expérience exigée,False,1,False,25 - DOUBS,46.925713,6.347305,25300,25204,Est Recrutement,"Supermarché frontalier, dynamique et agréable.",False,2,https://candidat.pole-emploi.fr/offres/recherche/detail/5652314,"[{'nom': 'DISTRIJOB', 'url': 'https://www.distrijob.fr/offre-emploi/responsable-magasin-doubs-1281206.aspx?utm_source=pole-emploi&utm_medium=referral&utm_campaign=responsable-magasin', 'logo': 'https://www.pole-emploi.fr/static/img/partenaires/distrijob80.png'}]",,
5551982,Manager boulangerie pâtisserie (H/F),"Vous supervisez l'ensemble de la fabrication complète boulangerie pâtisserie avec un adjoint de rayon dans chaque secteur. Vous animez l'aspect commercial et êtes garant de vos résultats. L'équipe se compose de 12 personnes. Rigoureux, organisé, vous fédérez votre équipe autour d'objectifs précis. Doté d'un fort esprit d'entreprise, vous avez une réelle culture du résultat. Force de proposition, vous organisez des animations commerciales et des promotions. Véritable moteur au sein de votre équipe vous managez par l'exemplarité.",2021-06-03T12:14:20.000Z,2024-01-06T21:15:10.000Z,D1502,Management/gestion de rayon produits alimentaires,Chef de rayon boulangerie/pâtisserie,CDI,Contrat à durée indéterminée,Contrat travail,E,Expérience exigée,False,1,False,Grand Est,,,,,Est Recrutement,Hypermarché indépendant. Management dynamique et agréable. Fort esprit d'entreprise.,False,2,https://candidat.pole-emploi.fr/offres/recherche/detail/5551982,"[{'nom': 'DISTRIJOB', 'url': 'https://www.distrijob.fr/offre-emploi/manager-boulangerie-patisserie-alsace-1280893.aspx?utm_source=pole-emploi&utm_medium=referral&utm_campaign=', 'logo': 'https://www.pole-emploi.fr/static/img/partenaires/distrijob80.png'}]",,
5382986,Boucher étalier (H/F),"Votre expérience professionnelle vous a amené à occuper un poste de BOUCHER chez un commer&ccedil;ant ou dans une enseigne indépendante 
 
Vous savez : 
 
- définir une structure d'assortiment répondant aux besoins de la clientèle et aux objectifs de rentabilité, 
 
- gérer un atelier de fabrication et être garant de l'image qualité fra&icirc;cheur qui est particulièrement déterminante dans l'appréciation de notre clientèle 
 
- développer des filières d'approvosionnements avec une tra&ccedil;abilité performantes 
 
 - travailler en équipe au quotidien 
 
- respecter des différentes règles de tra&ccedil;abilités ( hygiène, sécurité, environnement, règlementation) 
 
- gérer des achats et des stocks Professionel, vous avez envie de relever un nouveau challenge. 
Vous êyes porteur du climat social dans un esprit d'intelligence collective
CDI 
Salaire X 13 + intér   + part",2021-05-30T06:08:27.000Z,2024-01-09T20:13:23.000Z,D1101,Boucherie,Boucher / Bouchère,CDI,Contrat à durée indéterminée,Contrat travail,E,Expérience exigée,False,1,False,67 - SAVERNE,48.739971,7.369851,67700,67437,Cabinet Michel Gérard,"Cabinet Michel GERARD référence (Grand Est) depuis plus de 40 ans dans le recrutement et l'approche directe assure à ses clients et candidats un accompagnement personnalisé dans des opportunités de carrière.
 Notre Client Enseigne à l'esprit familial appartient à un Groupe Indépendant leader de la Grande Distribution qui développe des valeurs fortes, dans un environnement exigeant de nouveaux savoir faire dans des perspectives d'avenir, de conduite du changement et du vivre en...",False,2,https://candidat.pole-emploi.fr/offres/recherche/detail/5382986,"[{'nom': 'DISTRIJOB', 'url': 'https://www.distrijob.fr/offre-emploi/boucher-etalier-h-f-saverne-1279802.aspx?utm_source=pole-emploi&utm_medium=referral&utm_campaign=', 'logo': 'https://www.pole-emploi.fr/static/img/partenaires/distrijob80.png'}]",,
5276022,Menuisier bois (H/F),"Dans le cadre de notre développement nous recherchons un poseur de menuiseries intérieures et cloisons modulaires aluminium.

Vous êtes autonome, rigoureux, et avez le sens du travail en équipe.

Rémunération selon profil.",2021-05-27T16:46:10.000Z,2023-11-16T05:48:28.000Z,H2206,Réalisation de menuiserie bois et tonnellerie,Menuisier / Menuisière,CDI,Contrat à durée indéterminée,Contrat travail,E,Expérience exigée,False,1,False,76 - GONFREVILLE L ORCHER,49.510347,0.22592,76700,76305,,"Créée en 1931, GNC Agencement est une entreprise Normande spécialisée dans l'agencement et le second œuvre.

Fort de notre bureau d'études et de notre atelier, nous concevons et installons des projets sur mesure, pour une clientèle essentiellement de professionnels et de collectivités.",False,2,https://candidat.pole-emploi.fr/offres/recherche/detail/5276022,"[{'nom': 'FFB Normandie', 'url': 'https://emploi.normandie.construction/offre/poseur-menuiseries-et-cloisons', 'logo': 'https://www.pole-emploi.fr/static/img/partenaires/ffb_normandie80.png'}]",3,"Ouvrier qualifié (P1,P2)"
4923003,Chef de rayon poissonnerie (H/F),"Sous l'autorité du chef de département PF et en collaboration avec celui-ci le titulaire du poste est chargé d'appliquer et de faire appliquer la politique commerciale définie par l'enseigne.
Vous rendez compte de vos résultats en terme de CA, de marges et de frais. 
Vous animez votre équipe de 4 personnes dans un souci permanent de rentabilité et d'efficacité.
Vous disposerez de tous les moyens nécessaires à votre action.
 Homme   Femme de terrain et de commerce, bon négociateur, vous justifiez d'une expérience réussie acquise en hypermarché ou en supermarché. 
La gestion du rayon Poisson vous est familière.",2021-05-20T13:07:13.000Z,2023-12-23T18:04:57.000Z,D1502,Management/gestion de rayon produits alimentaires,Chef de rayon poissonnerie,CDI,Contrat à durée indéterminée,Contrat travail,E,Expérience exigée,False,1,False,59 - VALENCIENNES,50.358552,3.510438,59300,59606,Palmer International,"Hypermarché indépendant de 7 000 m&sup2; recherche un e
Chef de rayon poissonnerie H F",False,2,https://candidat.pole-emploi.fr/offres/recherche/detail/4923003,"[{'nom': 'DISTRIJOB', 'url': 'https://www.distrijob.fr/offre-emploi/chef-de-rayon-poissonnerie-valenciennes-1277634.aspx?utm_source=pole-emploi&utm_medium=referral&utm_campaign=manager-produits-frais', 'logo': 'https://www.pole-emploi.fr/static/img/partenaires/distrijob80.png'}]",,
4498263,Pizzaiolo (H/F),"Misssions et responsabilités:
Avec le Chef de département P F vous optimiser l'organisation et la gestion du rayon .
Vous propsez un service de qualité et de prix tout en assurant un niveau optimal d'accueil, de conseil et satisfaction des clients, en étant le (la) garant  du compte d'exploitation (chiffres d'affaires, marges); en respectant les concepts de l'enseigne.
Mission:
Votre experstise des produits et des recettes vous permet d'organiser votre activité tout en assurant un niveau optimal d'accueil, de conseil et de saisfaction des clients.
Vous avez un go&ucirc;t pour l'innovation, tout en travaillant également sur les recettes traditionnelles qui on fait leur preuves.
Vous entretenez et développez des relations de qualité avec nos fournisseurs locaux.
Fin connaisseur de vos produits, vous avez une parfaite connaissance des cuissons et de la réglementation en vigueur
Vous pilottez la marge et la productivité.
 
Nous recherchons avant tout un amoureux et passionné par son métier de PIZZAIOLO et nous restons ouverts à des profils sans expérience en management.
 Du fait de son activité et de son développement notre Société, attache une forte importance à ses clients, mais également à ses salariés 
Professionnel - commer&ccedil;ant 
 
- Vous savez fidéliser votre clientèle 
 
Salaire mensuel X 13 + intér + part = 15 mois+ primes",2021-05-11T11:54:44.000Z,2024-01-09T20:14:31.000Z,G1604,Fabrication de crêpes ou pizzas,Pizzaïolo / Pizzaïola,CDI,Contrat à durée indéterminée,Contrat travail,E,Expérience exigée,False,1,False,67 - STRASBOURG,48.579831,7.761454,67000,67482,Cabinet Michel Gérard,"Cabinet Michel GERARD Cabinet de recrutement (ALSACE) , référence depuis plus de 40 ans dans le recrutement en Grande Distribution assure à ses clients et candidats un accompagnement personnalisé.
Notre client Enseigne à l'esprit familial appartient à un Groupe indépendant leader en G.D qui développe des valeurs fortes, de nouveaux savoir faire dans de sperspectives d'avenir du vivre ensemble  recherche  pour son client HYPERMARCHE 
 
 
PIZZAIOLO H F
 
V...",False,2,https://candidat.pole-emploi.fr/offres/recherche/detail/4498263,"[{'nom': 'DISTRIJOB', 'url': 'https://www.distrijob.fr/offre-emploi/pizzaiolo-h-f-strasbourg-1274931.aspx?utm_source=pole-emploi&utm_medium=referral&utm_campaign=pizzaiolo', 'logo': 'https://www.pole-emploi.fr/static/img/partenaires/distrijob80.png'}]",,
4211480,Chef de rayon épicerie (H/F),"Sous l'autorité du Directeur et du chef de département et en collaboration avec eux, le titulaire du poste est chargé d'appliquer et de faire appliquer la politique commerciale définie par l'enseigne.
Vous rendez compte de vos résultats en terme de CA, de marges et de frais.
Vous animez votre équipe (15 personnes) dans un souci permanent de rentabilité et d'efficacité.
Vous disposerez de tous les moyens nécessaires à votre action.
 Homme   Femme de terrain et de commerce, bon négociateur, vous justifiez d'une expérience réussie acquise en hypermarché. La gestion du secteur Epicerie vous est familière. Vous avez le potentiel pour évoluer vers un poste de chef de département.",2021-05-06T11:43:54.000Z,2024-01-09T20:27:26.000Z,D1502,Management/gestion de rayon produits alimentaires,Chef de rayon épicerie,CDI,Contrat à durée indéterminée,Contrat travail,E,Expérience exigée,False,1,False,59 - VALENCIENNES,50.358552,3.510438,59300,59606,Palmer International,"Hypermarché indépendant de 7000 m&sup2; recherche un e
Chef de rayon Epicerie H F",False,2,https://candidat.pole-emploi.fr/offres/recherche/detail/4211480,"[{'nom': 'DISTRIJOB', 'url': 'https://www.distrijob.fr/offre-emploi/chef-de-rayon-epicerie-valenciennes-1273963.aspx?utm_source=pole-emploi&utm_medium=referral&utm_campaign=manager-de-rayon-alimentaire-hors-produits-frais', 'logo': 'https://www.pole-emploi.fr/static/img/partenaires/distrijob80.png'}]",,
3646518,Manager pâtisserie (H/F),"Gestion complète de la fabrication , des achats, des prix de vente. 5 personnes à gérer. Vous êtes garant de vos résulats ainsi que du respect de la règlementation en vigueur. Vous appliquez la politique de l'enseigne. Passionné par vos produits, vous avez un go&ucirc;t prononcé par les challenges. Créateur et innovateur vous êtes force de proposition. Vous ma&icirc;trisez parfaitement la gestion et l'aspect commercial de ce secteur. Rigoureux et organisé, vous savez fédérer votre équipe autour de projets et d'objectifs définis. Vous avez uen première expèrience au sein de la Grande Distribution.",2021-04-23T15:03:58.000Z,2024-01-05T02:57:47.000Z,D1104,"Pâtisserie, confiserie, chocolaterie et glacerie",Chef pâtissier / pâtissière,CDI,Contrat à durée indéterminée,Contrat travail,E,Expérience exigée,False,1,False,Grand Est,,,,,Est Recrutement,Hypermarché indépendant. Management dynamique et agréable. Fort esprit d'entreprise.,False,2,https://candidat.pole-emploi.fr/offres/recherche/detail/3646518,"[{'nom': 'DISTRIJOB', 'url': 'https://www.distrijob.fr/offre-emploi/manager-patisserie-bas-rhin-1271460.aspx?utm_source=pole-emploi&utm_medium=referral&utm_campaign=', 'logo': 'https://www.pole-emploi.fr/static/img/partenaires/distrijob80.png'}]",,
1986503,Responsable boutique optique (H/F),"Rattaché au PDG, avec une grande autonomie et l'accompagnement nécessaire, vous gérez notre boutique optique dans le respect de nos valeurs et avec le sens du client qui nous est cher.
Encadrez, animez et développz les compétences de votre équipe dans le rsepect des normes sociales en vigueur
Garantissez les résultats de chiffres d'affaires et de marge commerciale
Respectez les règles du merchandising de l'enseigne et de la législation en vigueur, tout en faisant preuve de créativité
Entrenez de véritables relations de partenariat avec nos fournisseurs
En collaboration avec votre responsable magasin votre première mission et de prendre en charge les besoins du clients en appliquant la politique commerciale de l'enseigne. 
 
 
 Vous souhaitez exercer votre métier avec passion dans un univers dynamique.
Au-delà de vos compétences techniques et de vos expériences, nous recherchons une personnalité prête à s'engager dans un nouveau challenge et concept inédit tout en s'appuyant et bénéficiant d'une structure et d'une organisation fortes.
Go&ucirc;t du challenge
Aisance relationnelle
Talent pour le conseil
Salaire mensuel X 13 + intéressement + participation + prime bilan
Statut CADRE",2021-03-19T06:11:52.000Z,2024-01-09T20:14:24.000Z,J1405,Optique - lunetterie,Opticien / Opticienne responsable de magasin,CDI,Contrat à durée indéterminée,Contrat travail,E,Expérience exigée,False,1,False,Bourgogne-Franche-Comté,,,,,Cabinet Michel Gérard,"Cabinet Michel GERARD cabinet de conseil en recrutement référence depuis plus de 40 ans ( Bourgogne Franche Compté) dans le recrutement assure à ses clients et candidats un accompagnement personnalisé.
Notre clientEnseigne à l'esprit familial appartient à un Groupe indépendant leader dans la GD développe des valeurs fortes, de nouveaux savoir faire, dans des perspectives d'avenir du vivre ensemble
 
RECHERCHE:
Responable Boutique Optique H F
 Opticien dipl&o...",False,2,https://candidat.pole-emploi.fr/offres/recherche/detail/1986503,"[{'nom': 'DISTRIJOB', 'url': 'https://www.distrijob.fr/offre-emploi/responsable-boutique-optique-h-f-territoire-de-belfort-1264663.aspx?utm_source=pole-emploi&utm_medium=referral&utm_campaign=', 'logo': 'https://www.pole-emploi.fr/static/img/partenaires/distrijob80.png'}]",,
1891645,Responsable espace produits blanc brun gris (H/F),"Vous serez en charge de la gestion des produits et des personnels de l'espace technique. Gestionnaire expérimenté, vous souhaitez confirmer vos résultats dans un hypermarché performant.
Vous savez donner l'exemple et créer une dynamique d'équipe.
 Statut, rémunération et avantages seront négociés directement avec la direction en fonction de votre profil et expérience. 
Il s'agit d'une véritable opportunité de carrière.
Si vous êtes en poste, votre dossier sera traité en toute confidentialité. 
Merci d'envoyer votre dossier sous référence TECH99 à j.valjean @ orange.fr",2021-03-16T02:41:58.000Z,2023-12-23T18:06:28.000Z,M1703,Management et gestion de produit,Responsable de produit,CDI,Contrat à durée indéterminée,Contrat travail,E,Expérience exigée,False,1,False,Occitanie,,,,,,"HYPERMARCHE ALIMENTAIRE INDEPENDANT leaser sur sa zone
recherche son RESPONSABLE ESPACE TECHNIQUE
BLANC BRUN GRIS",False,2,https://candidat.pole-emploi.fr/offres/recherche/detail/1891645,"[{'nom': 'DISTRIJOB', 'url': 'https://www.distrijob.fr/offre-emploi/responsable-espace-produits-blanc-brun-gris-languedoc-roussillon-1139552.aspx?utm_source=pole-emploi&utm_medium=referral&utm_campaign=', 'logo': 'https://www.pole-emploi.fr/static/img/partenaires/distrijob80.png'}]",,
9515198,Chef de secteur gms (H/F),"Mission : rattaché au Manager Régional, sa mission principale sera de dynamiser et de développer le chiffre d'affaires des produits KRITER Brut de Brut et LISTEL auprès d'un portefeuille de clients composés de supermarchés et d'hypermarchés.
Vous êtes l'interlocuteur privilégié des chefs de rayons et des directeurs de magasins avec qui vous négociez la présence de vos produits. Votre objectif est de devenir le référent de votre catégorie. 
Plus de détails sur le site du Florian Mantione Institut, référence de l'offre : GDB20L335
 Profil : de formation commerciale, vous avez acquis avec succès une 1ère expérience de chef de secteur auprès de la grande distribution alimentaire.
Lien : https:  www.florianmantione.com detail_offre.php4?reference=GDB20L335&amp;amp;prov=distrijob20",2021-01-18T02:56:53.000Z,2024-01-05T02:57:42.000Z,D1509,Responsable grande distribution,Responsable de branche d'hypermarché,CDI,Contrat à durée indéterminée,Contrat travail,E,Expérience exigée,False,1,False,56 - VANNES,47.659779,-2.751489,56000,56260,Florian Mantione Institut,"FLORIAN MANTIONE INSTITUT 
 
Notre client : Les vins KRITER Brut de Brut et les vins LISTEL ont créé une force de vente commune, forte aujourd'hui de 40 chefs de secteur animés par 7 managers régionaux. Afin de renforcer son équipe, la région BRETAGNE, recrute pour le Morbihan, un : Chef de secteur GMS (F H) - 56",False,2,https://candidat.pole-emploi.fr/offres/recherche/detail/9515198,"[{'nom': 'DISTRIJOB', 'url': 'https://www.distrijob.fr/offre-emploi/chef-de-secteur-gms-vannes-1248996.aspx?utm_source=pole-emploi&utm_medium=referral&utm_campaign=', 'logo': 'https://www.pole-emploi.fr/static/img/partenaires/distrijob80.png'}]",,
8850517,Manager produits frais ls (H/F),"Rattaché au Responsable de département, vos missions principales seront les suivantes 
 Activités commerciales
Contribuer activement au développement de l'activité commerciale du rayon (fonctionnement quotidien, attractivité, engagementspromotionnels)
Assurer la gestion des rayons frais libre-service : suivi des commandes, des livraisons, respect des règles d'hygiène et de sécuritéalimentaire 
Gestion des stocks, en s'assurant de la disponibilité des produits en magasin
Management
Gestion de l'équipe au quotidien, intégration des nouveaux collaborateurs 
Elaboration des plannings et contr&ocirc;le du travail de votre équipe 
Le poste est à pourvoir de suite en CDI au statut Agent de Maitrise au forfait jour (214 jours) Vous disposez d'une expérience de manager de rayon. La connaissance des produits frais est un plus.
Vous êtes organisé, rigoureux(se) et placez la satisfaction du client au c&oelig;ur de vos priorités ? Vous vous adaptez à toutes les circonstances,avez le sens de la communication et de l'esprit d'équipe.
Rejoignez nous !
 
Avantages :
13ème mois
Mutuelle
Chèque déjeuner
Intéressement   Participation : versé en 2020 : 2 075 €
Billetterie par le CSERemise sur les achats effectués en magasin",2020-12-30T13:50:47.000Z,2024-01-05T02:58:06.000Z,D1502,Management/gestion de rayon produits alimentaires,Manager produits frais,CDI,Contrat à durée indéterminée,Contrat travail,E,Expérience exigée,False,1,False,Grand Est,,,,,Est Recrutement,Hypermarché indépendant. Management dynamique et agréable. Fort esprit d'entreprise.,False,2,https://candidat.pole-emploi.fr/offres/recherche/detail/8850517,"[{'nom': 'DISTRIJOB', 'url': 'https://www.distrijob.fr/offre-emploi/manager-produits-frais-ls-alsace-1253544.aspx?utm_source=pole-emploi&utm_medium=referral&utm_campaign=manager-rayon-alimentaire', 'logo': 'https://www.pole-emploi.fr/static/img/partenaires/distrijob80.png'}]",,
8656469,Manager fruits et légumes (H/F),"Gestion complète du rayon fruits et légumes. Vous définissez vos prix de vente en accord avec la politique de l'enseigne. Vous êtes garant de la qualité de vos produits ainsi que du respect des règles en vigueur. vous avez une équipe de 4 personnes que vous manager de manière participative et fédératrice. Statut agent de ma&icirc;trise. Rigoureux, dynamique, fort esprit commer&ccedil;ant, ce sont des qualités indispensables dans ce type de poste. Vous avez une première expérience réussie dans un poste identique. Vous ma&icirc;trisez parfaitement les outils de gestion et savez analyser un compte d'exploitation. manager fédérateur, vous motivez votre équipe sur des projets et des objectifs.",2020-12-23T22:00:17.000Z,2023-12-19T17:55:17.000Z,D1502,Management/gestion de rayon produits alimentaires,Chef de rayon fruits et légumes,CDI,Contrat à durée indéterminée,Contrat travail,E,Expérience exigée,False,1,False,57 - Moselle,,,,,Est Recrutement,Supermarché indépendant. Management dynamique et agréable. Fort esprit d'entreprise.,False,2,https://candidat.pole-emploi.fr/offres/recherche/detail/8656469,"[{'nom': 'DISTRIJOB', 'url': 'https://www.distrijob.fr/offre-emploi/manager-fruits-et-legumes-moselle-1252614.aspx?utm_source=pole-emploi&utm_medium=referral&utm_campaign=', 'logo': 'https://www.pole-emploi.fr/static/img/partenaires/distrijob80.png'}]",,
8039775,Attaché commercial / Attachée commerciale en transport-logistique (H/F),"Mission :
Directement rattaché e au directeur commercial, vous assurez le développement de la clientèle sur les départements géographiques qui vous sont attribués dans le respect de la politique commerciale de l'entreprise, des instructions re&ccedil;ues, des priorités et des objectifs fixés.
Vous êtes garant e de l'image de l'entreprise et de la qualité des informations fournies auprès des clients, prospects, et partenaires.
Plus de détails sur cette offre sur le site internet du Florian Mantione Institut, référence de l'offre : JCB20L334
Lien : https:  www.florianmantione.com detail_offre.php4?reference=JCB20L334&amp;amp;prov=distrijob20
 Profil : Dotée d'une très forte sensibilité commerciale, vous justifiez idéalement d'une expérience réussie dans la vente de produits auprès des professionnels de la distribution.",2020-12-03T18:20:24.000Z,2024-01-05T02:57:42.000Z,D1402,Relation commerciale grands comptes et entreprises,Attaché(e) commercial(e) en transport-logistique,CDI,Contrat à durée indéterminée,Contrat travail,E,Expérience exigée,False,1,False,Provence-Alpes-Côte d'Azur,,,,,Florian Mantione Institut,"FLORIAN MANTIONE INSTITUT 
 
Notre client : La société MARLINE, créée en 1954, élabore et commercialise des carburants spéciaux et des mélanges prêts à l'emploi à l'usage du grand public et des professionnels. Nous recrutons sa son : ATTACH  COMMERCIAL F H",False,2,https://candidat.pole-emploi.fr/offres/recherche/detail/8039775,"[{'nom': 'DISTRIJOB', 'url': 'https://www.distrijob.fr/offre-emploi/attache-commercial-f-h-provence-alpes-cote-azur-1248987.aspx?utm_source=pole-emploi&utm_medium=referral&utm_campaign=commercial', 'logo': 'https://www.pole-emploi.fr/static/img/partenaires/distrijob80.png'}]",,
7946557,Directeur adjoint  drive (H/F),"Centrés sur nos clients, nous essayons quotidiennement de faire de nos DRIVES un espace de vie qui puissent réunir clients et équipes du DRIVE autour du service et de la qualité.
Innover, créer, être à l'écoute de toutes les tendances pour répondre à l'évolution des beoins des clients et des modes de consommation.
Les missions du Directeur Adjoint DRIVE nécessitent de mener à bien les activités suivantes: 
- Gestion du personnel (30 personnes) 
- Organisation de la production 
- Gestion des stocks 
 ETRE porteur du climat social dans un esprit d'intelligence collective
 Ce poste représente pour vous l'opportunité de rejoindre le leader de la GD, et d'y jouer un r&ocirc;le essentiel
- Vous pourrez rejoindre une équipe dynamique avec des valeurs forte autour du travail en équipe, du respect, du courage et de l'intégrité
- Etre ANIMATEUR   REACTIF
- Anticiper les besoins 
- Etre attentif au volet service clients 
 
 Avoir une expérience de Chef de département (souhaitée )
Statut CADRE
Salaire suivant expérience",2020-12-01T12:56:29.000Z,2024-01-09T20:13:03.000Z,K1502,Contrôle et inspection des Affaires Sociales,Directeur(trice) adjoint(e) du travail et de l'emploi,CDI,Contrat à durée indéterminée,Contrat travail,E,Expérience exigée,False,1,False,70 - VESOUL,47.628692,6.157979,70000,70550,Cabinet Michel Gérard,"Cabinet Michel GERARD Cabinet de recrutement, référence depuis plus de 40 ans (Bourgogne Franche comté ) dans le rectuement de la Grande Distribution (GMS   GSS   GSB   GSA ) assure à ses clients et candidats: proximité, expertise et valeur ajoutée.
Notre Client Enseigne à l'esprit familial appartient à un groupe indépendant leader de la Grande Distribution qui développe ses valeurs les plus fortes dans le respect de l'image citoyenne
 
Directeur (adjoint) DRIVE H F~...",False,2,https://candidat.pole-emploi.fr/offres/recherche/detail/7946557,"[{'nom': 'DISTRIJOB', 'url': 'https://www.distrijob.fr/offre-emploi/directeur-adjoint-drive-h-f-vesoul-1248502.aspx?utm_source=pole-emploi&utm_medium=referral&utm_campaign=adjoint-de-direction', 'logo': 'https://www.pole-emploi.fr/static/img/partenaires/distrijob80.png'}]",,
7087307,Responsable drive adjoint (H/F),"Les missions de l'Adjoint Responsable du DRIVE nécessitent de mener à bien les activités suivantes: 
- Représentation de le Direction 
- Gestion du personnel (30 personnes) 
- Commerciale 
- Organisation de la production 
- Gestion des produits 
- Autorité naturelle 
- Etre ANIMATEUR 
- Gestionnaire 
- Etre attentif au volet commercial  service clients 
 
Avoir une expérience P F en magasin est un + 
Statut AM",2020-11-02T15:24:31.000Z,2024-01-09T20:12:36.000Z,M1503,Management des ressources humaines,Adjoint / Adjointe au responsable du personnel,CDI,Contrat à durée indéterminée,Contrat travail,E,Expérience exigée,False,1,False,67 - STRASBOURG,48.579831,7.761454,67000,67482,Cabinet Michel Gérard,"Cabinet Michel GERARD Cabinet de recrutement, ( Alsace ), référence depuis plus de 40 ans dans le métier de conseil de Direction en stratégie de développement dans la Grande Distribution 
 
recherche pour son client : 
 
 Entreprise à taille humaine favorisant la prise de responsabilité  
 
 Responsable DRIVE (Adjoint) H F
 
Valeur forte autour des métiers centrés sur la satisfaction client, le sens du service",False,2,https://candidat.pole-emploi.fr/offres/recherche/detail/7087307,"[{'nom': 'DISTRIJOB', 'url': 'https://www.distrijob.fr/offre-emploi/responsable-drive-adjoint-h-f-strasbourg-1237454.aspx?utm_source=pole-emploi&utm_medium=referral&utm_campaign=', 'logo': 'https://www.pole-emploi.fr/static/img/partenaires/distrijob80.png'}]",,
6251921,Opticien (H/F),"En collaboration avec votre responsable magasin votre première mission et de prendre en charge les besoins du clients en appliquant la politique commerciale de l'enseigne: 
 
- Conseils, 
 
- Prise en charge des problèmes techniques, montures et verres. Un savoir faire en tant qu'OPTICIEN LUNETIER",2020-10-11T11:12:55.000Z,2024-01-09T20:22:56.000Z,J1405,Optique - lunetterie,Opticien / Opticienne,CDI,Contrat à durée indéterminée,Contrat travail,E,Expérience exigée,False,1,False,70 - LURE,47.684098,6.497007,70200,70310,Cabinet Michel Gérard,"Cabinet Michel GERARD cabinet de conseil en recrutement (  Bourgogne Franche comté  ), référence depuis plus de 40 ans dans le recrutement assure à ses clients et candidats un accompagnement personnalisé.
Notre clientEnseigne à l'esprit familial appartient à un Groupe indépendant leader dans la GD développe des valeurs fortes, de nouveaux savoir faire, dans des perspectives d'avenir du vivre ensemble
 
RECHERCHE:
 
 OPTICIEN H F
 
Notre valeur la s...",False,2,https://candidat.pole-emploi.fr/offres/recherche/detail/6251921,"[{'nom': 'DISTRIJOB', 'url': 'https://www.distrijob.fr/offre-emploi/opticien-h-f-lure-1239586.aspx?utm_source=pole-emploi&utm_medium=referral&utm_campaign=opticien', 'logo': 'https://www.pole-emploi.fr/static/img/partenaires/distrijob80.png'}]",,
6122917,Employé libre service (H/F),"E.Leclerc Gonesse recherche un employé libre service.
Sous la responsabilité du chef de rayon vous assurerez la mise en rayon des articles, le rangement de la réserve, la réception de la marchandise, l'étiquetage des produits et le suivi des références. Vous êtes autonome, rigoureux(se), rapide, sérieux(se)avec un sens des responsabilités et du service service clients.
Contrat CDI, temps plein.
Poste à pourvoir immédiatement.
13ème mois et participation aux bénéfices.
3% en avantage carte de fidélité sur tous vos achats avec ancienneté.
pris en charge de la carte navigo 50%.
Travail 6 jours par semaine.
Poste horaire du matin 4h, nécéssité d'avoir un moyen de transport autre que les transports en commun.",2020-10-06T11:08:05.000Z,2024-01-05T03:02:07.000Z,D1507,Mise en rayon libre-service,Employé / Employée de libre-service,CDI,Contrat à durée indéterminée,Contrat travail,E,Expérience exigée,False,1,False,95 - GONESSE,48.985195,2.457867,95500,95277,Leclerc Gonesse,"Hypermarché 6000 m&sup2;, au sein d'un centre commercial de proximité et proche du golf de Gonesse (95500), 200 personnes, enseigne nationale E.LECLERC recherche : 
 
EMPLOYE LIBRE SERVICE H F",False,2,https://candidat.pole-emploi.fr/offres/recherche/detail/6122917,"[{'nom': 'DISTRIJOB', 'url': 'https://www.distrijob.fr/offre-emploi/employe-libre-service-h-f-gonesse-1237750.aspx?utm_source=pole-emploi&utm_medium=referral&utm_campaign=', 'logo': 'https://www.pole-emploi.fr/static/img/partenaires/distrijob80.png'}]",,
6089940,Manager de rayon fruits  légumes (H/F),"Au sein du secteur frais, vous identifiez et activez les principaux leviers de croissance de vos rayons fruits et légumes, proposez la stratégie à mettre en oeuvre en cohérence avec les orientations marketing.
Force de proposition, vous prenez en compte les évolutions et opportunités du marché, des comportements clients
Passion pour le commerce.
 
Satisfaction clientèle.
 
Go&ucirc;t des belles présentations 
Ecoute du client 
Mise en valeur des produits et des opérations promotionnelles 
Respect des normes et réglementations en vigueur. 
En collaboration avec le Chef de Département P F Vous animez une équipe de 7 personnes + 1 adjoint 
Vous ma&icirc;trisez l'ensemble des aspects de l'univers fruits et légumes, tant sur la connaissance des produits et de leur saisonnalité, que de l'approvisionnement et de la sortie des marges. 
 
Vous avez déjà une expérience validée sur le rayon fruits et légumes en hypermarché ou une expérience Achats en direct ou par plate forme",2020-10-05T09:35:39.000Z,2024-01-09T20:14:33.000Z,D1502,Management/gestion de rayon produits alimentaires,Chef de rayon fruits et légumes,CDI,Contrat à durée indéterminée,Contrat travail,E,Expérience exigée,False,1,False,67 - STRASBOURG,48.579831,7.761454,67000,67482,Cabinet Michel Gérard,"Cabinet Michel GERARD (  ALSACE ) référence depuis + de 40 ans en recrutement dans la Grande Distribution recherche pour son client hypermarché
Manager de Rayon Fruits &amp; légumes H F
 Vous êtes prêt à nous accompagner et à partager vos compétences",False,2,https://candidat.pole-emploi.fr/offres/recherche/detail/6089940,"[{'nom': 'DISTRIJOB', 'url': 'https://www.distrijob.fr/offre-emploi/manager-de-rayon-fruits-legumes-h-f-strasbourg-1237459.aspx?utm_source=pole-emploi&utm_medium=referral&utm_campaign=', 'logo': 'https://www.pole-emploi.fr/static/img/partenaires/distrijob80.png'}]",,
5869570,Adjoint responsable epicerie (H/F),"Vous seconderez et remplacerez durant son abscence le Chef de Rayon Epicerie.
 Vous êtes chef de rayon sec dans une petite suface
OU
vous avez au moins 3 ans d'expériences comme employé commercial en Hypermarché alimentaire de plus de 3500 m2.
Vous êtes rigoureux, volontaire et doté d'un bon sens de la communication.
Excellente opportunité pour un candidat voulant concrétiser ses expériences antérieures dans un cadre agréable.
Statut et salaire à négocier en fonction du profil.
Participation, Interressement, etc...
Recrutement immédiat.
Envoyer votre dossier sous référence SEP12 en toute confidentialité à cg0 @ teamcoaching . fr",2020-09-30T12:16:57.000Z,2024-01-05T02:58:05.000Z,D1507,Mise en rayon libre-service,Employé / Employée de rayon épicerie,CDI,Contrat à durée indéterminée,Contrat travail,E,Expérience exigée,False,1,False,Provence-Alpes-Côte d'Azur,,,,,,"HYPERMARCHE RECHERCHE
un Adjoint à son Chef de Rayon EPICERIE",False,2,https://candidat.pole-emploi.fr/offres/recherche/detail/5869570,"[{'nom': 'DISTRIJOB', 'url': 'https://www.distrijob.fr/offre-emploi/adjoint-responsable-epicerie-provence-alpes-cote-azur-1194286.aspx?utm_source=pole-emploi&utm_medium=referral&utm_campaign=manager-de-rayon-alimentaire-hors-produits-frais', 'logo': 'https://www.pole-emploi.fr/static/img/partenaires/distrijob80.png'}]",,
5495956,Poissonnier (H/F),"Objectif : Etre le référent dans l'excellence opérationnelle de votre rayon 
 
Votre mission principale a vocation à sensibiliser le clientèle du magasin sur tous les maillons de la cha&icirc;ne du mareyeur au client, en communicant sur les filières, les zones de pêches (les types d'élevage) etc... 
 
EN : 
 
- Théâtralisant la ""CRIEE"" 
 
- Planifiant des animations commerciales 
 
- Offre artisanale 
 
- Festif et foire 
 
- Apéro dinatoire (fruits de mer) 
 
- Mettant à disposition de la clientèle des leaflets sur les produits 
 
- Proposant des conseils pratiques sur la préparation et mide et le temps de cuisson. 
 
- Une offre large tout en en ma&icirc;trisant avec votre équipe a la démarque et a la casse sur les contr&ocirc;les quantitatifs et qualitatifs dans le respect de la réglementation et de la sécurité alimentaire en vigueur. 
 
- 
 Compétences : 
 
Etre le relais entre le responsable de rayon et de son équipe: il contribue à la réalisation des objectifs commerciaux 
ESPRIT COMMMERCANT avec une culture du résultat. 
 
Go&ucirc;t 
 
- Du travail bien fait 
 
- Du challenge 
 
.. .. 
 
Vous savez sélectionner les produits de la pêche auprès d'un élevage, d'une centrale d'achat, à la criée... et définir les conditions d'achat (prix, quantité...) marges... 
 
- Vous avez une expérience réussie dans un poste similaire",2020-09-21T07:46:50.000Z,2024-01-09T20:12:34.000Z,D1105,Poissonnerie,Poissonnier / Poissonnière,CDI,Contrat à durée indéterminée,Contrat travail,E,Expérience exigée,False,1,False,57 - METZ,49.108385,6.194897,57000,57463,Cabinet Michel Gérard,"Cabinet de Recrutement Michel GERARD(  GRAND EST) , référence depuis plus de 40 ans dans le métier de Conseil en Stratégie de Développement dans la Grande Distribution (GMS  GSS ), assure à ses clients et candidats: proximité, expertise et valeur ajoutée, recherche pour son client HYPERMARCHE   INDEPENDANT 
Du fait de son activité et de son développement notre Société attache beaucoup d'importance à ses clients, mais également à ses salariés
 
POISSONNIER H F~$...",False,2,https://candidat.pole-emploi.fr/offres/recherche/detail/5495956,"[{'nom': 'DISTRIJOB', 'url': 'https://www.distrijob.fr/offre-emploi/poissonnier-h-f-metz-1234687.aspx?utm_source=pole-emploi&utm_medium=referral&utm_campaign=mareyeur', 'logo': 'https://www.pole-emploi.fr/static/img/partenaires/distrijob80.png'}]",,
5356211,Chef de rayon fruits et légumes (H/F),"Directement sous l'autorité du Chef de Département, vous encadez et motivez votre personnel.
Vous connaissez parfaitement les fruits et légumes et vous visez l'excellence. 
Vous possédez une parfaite connaissance produits.
 Vous connaissez les spécificités du commerce, qu'il soit indépendant ou intégré, et vous êtes issu prioritairement d'enseignes spécialisées comme Grand Frais par exemple. Vous avez l'expérience de travailler sur une surface conséquente pilotant une dizaine d'employés et en ne lâchant rien sur la qualité.
Si vous êtes en fontion, nous vous assurons toute confidentialité. 
Votre dossier sera envoyé par email avec la référence fl84 à  j.valjean @ orange . fr
Les négociations relatives aux salaires et avantages divers seront négociés directement avec l'entreprise.",2020-09-17T10:20:00.000Z,2023-12-12T19:08:27.000Z,D1502,Management/gestion de rayon produits alimentaires,Chef de rayon fruits et légumes,CDI,Contrat à durée indéterminée,Contrat travail,E,Expérience exigée,False,1,False,Provence-Alpes-Côte d'Azur,,,,,,"HYPERMARCHE du Vaucluse recheche un
Chef de Rayon FRUITS ET LEGUMES (H F)",False,2,https://candidat.pole-emploi.fr/offres/recherche/detail/5356211,"[{'nom': 'DISTRIJOB', 'url': 'https://www.distrijob.fr/offre-emploi/chef-de-rayon-fruits-et-legumes-provence-alpes-cote-azur-1234139.aspx?utm_source=pole-emploi&utm_medium=referral&utm_campaign=manager-rayon-alimentaire', 'logo': 'https://www.pole-emploi.fr/static/img/partenaires/distrijob80.png'}]",,
5293665,Chef de rayon bazar jardin. plein air (H/F),"- En lien direct avec votre responsable de département Le poste à pouvoir prend en compte l'ensemble du rayon (non alimentaire).
vous serez responsable de vos résultats dans une grande autonomie et garant de la stratégie commerciale du rayon.
- Mise en place d'opérations commerciales
- Etablir les plannings hebdomadaires
- Réaliser des objectifs (CA, marges, stocks, productivité, casse et taux de ruptures)
- Suivi de la politique magasin sur les gammes établies
- Négociation fournisseurs
- Animation de l'équipe (briefings)
 
Il vous faudra défendre le pouvoir d'achats, agir sur une consommation plus juste. 
 
 Naturellement commercial, vous animerez et motiverez une équipe avec un sourcing ambitieux d'optimisation et de négociation des assortiments, du choix et des stratégies d'implantations, de l'anticipation du marché, de la théatralisation et de la durée de vie des produits. Manager de terrain, de formation généraliste, vous justifiez d'une expérience significative de 3 à 5 ans sur des fonctions similaires
H   F de challenge, leader naturel avec des capacités d'écoute et d'adaptation.
 
 vous contribuerez à l'amélioration des résultats de votre centre de profits dans le souhait constant de la satisfaction et de la fidélisation de vos clients. 
 
Charismatique et passionné sont les qualités majeures de notre stratégie de développement.
 Du fait de son activité et de son développement notre Société, attache une forte importance à ses clients, mais également à ses salariés.",2020-09-16T11:09:56.000Z,2024-01-09T20:12:38.000Z,D1503,Management/gestion de rayon produits non alimentaires,Chef de rayon bazar,CDI,Contrat à durée indéterminée,Contrat travail,E,Expérience exigée,False,1,False,52 - ST DIZIER,48.638139,4.956891,52100,52448,Cabinet Michel Gérard,"Cabinet Michel GERARD, (Grand Est) référence depuis plus de 40 ans dans le métier de conseil en stratégie de développement dans la Grande Distribution (GMS   GSB   GSS ) assure à ses clients et candidats proximité, expertise et valeur ajoutée. 
recherche pour son client indépendant   hypermarché 
 Fidèle à notre engagement de positionner l'humain au coeur de nos valeurs, Michel GERARD reste à votre écoute pour répondre à vos questions, les premiers entretiens sont m...",False,2,https://candidat.pole-emploi.fr/offres/recherche/detail/5293665,"[{'nom': 'DISTRIJOB', 'url': 'https://www.distrijob.fr/offre-emploi/chef-de-rayon-bazar-jardin-plein-air-h-f-saint-dizier-1233900.aspx?utm_source=pole-emploi&utm_medium=referral&utm_campaign=chef-de-rayon-equipement-de-la-maison', 'logo': 'https://www.pole-emploi.fr/static/img/partenaires/distrijob80.png'}]",,
2507591,Adjoint chef de departement caisse (H/F),"manager d'une 50 de personne gestion de planning, esprit d'équipe,formation des recrues, gestion des absences communication, etc..",2020-07-16T11:29:52.000Z,2024-01-09T20:26:33.000Z,D1508,Encadrement du personnel de caisses,Adjoint / Adjointe chef de caisses,CDI,Contrat à durée indéterminée,Contrat travail,E,Expérience exigée,False,1,False,95 - GONESSE,48.985195,2.457867,95500,95277,Leclerc Gonesse,"Hypermarché 6000 m , au sein d'un centre commercial de proximité et proche du golf de Gonesse (95500), 200 personnes, enseigne nationale E.LECLERC recherche : 
 
adjoint chef de secteur caisse H F",False,2,https://candidat.pole-emploi.fr/offres/recherche/detail/2507591,"[{'nom': 'DISTRIJOB', 'url': 'https://www.distrijob.fr/offre-emploi/adjoint-chef-de-departement-caisse-gonesse-1217495.aspx?utm_source=pole-emploi&utm_medium=referral&utm_campaign=chef-de-caisses', 'logo': 'https://www.pole-emploi.fr/static/img/partenaires/distrijob80.png'}]",,
1536049,Conseiller  de vente en parapharmacie (H/F),"Prendre en charges les opérations commerciales et tous les aspects de gestion des rayons 
 Votre mission: 
En tant que Conseiller, vous incarnez le positionnement santé auprès des clients de l'enseigne.
Vous conseillez le client tout au long de son parcours d'achat.
Vous lui apportez une solution complète et adaptée dans le respect de ses besoins en vous assurant de sa satisfaction.
Vous développez et fidélisez la clientèle grâce à vos conseils.
 Vos activités:
 Conseil client
- Accueillir et créer le contact avec le client
- Découvrir ses besoins et motivations d'achat.
- Accompagner le client dans le choix de son produit   soltion (usages, bénéfices ...)
- Participer au développement du chiffre d'affaires et du taux de transformation du rayon
- Développer le panier moyen en mettant en place les ventes complémentaires.
Autres activités:
- Mise en rayons, facings et gestion du réassort
- Encaisser les produits des clients
- Participer au merchandising et à la mise en place des opérations commerciales.
 Selon profil, animer des ateliers thématiques à destination des clients Professionnel H F reconnu. 
Vous avez déjà une   des expériences (s) dans le domaine de la vente et  ou une formation dipl&ocirc;mante sur des sujets de naturopathie, ou de diététique est un PLUS.
Vous évolurez dans un environnement challengeant o&ugrave; vous développerez régulièrement vos compétences sur les aspects santé et interactions clients
Salaire suivant expérience (à négocier)",2020-06-22T17:07:19.000Z,2024-01-09T20:15:23.000Z,D1214,Vente en habillement et accessoires de la personne,Vendeur / Vendeuse en parapharmacie,CDI,Contrat à durée indéterminée,Contrat travail,E,Expérience exigée,False,1,False,67 - STRASBOURG,48.579831,7.761454,67000,67482,Cabinet Michel Gérard,"Cabinet Michel GERARD Cabinet de recrutement, référence depuis plus de 40 ans ( ALSACE) dans le métier de conseil de Direction en stratégie de développement dans la Distribution 
 
 Entreprise favorisant la prise de responsabilité  
 
Conseillèr  de vente en parapharmacie F H
 Création de poste 
 
Valeur forte autour des métiers centrés sur la satisfaction client, le sens du service",False,2,https://candidat.pole-emploi.fr/offres/recherche/detail/1536049,"[{'nom': 'DISTRIJOB', 'url': 'https://www.distrijob.fr/offre-emploi/conseiller-e-de-vente-en-parapharmacie-f-h-strasbourg-1211735.aspx?utm_source=pole-emploi&utm_medium=referral&utm_campaign=', 'logo': 'https://www.pole-emploi.fr/static/img/partenaires/distrijob80.png'}]",,
0289947,Chef de département produits frais (H/F),"Sous l'autorité du Directeur et en collaboration avec celui-ci le titulaire du poste est chargé d'appliquer et de faire appliquer la politique commerciale définie par l'enseigne. 
Vous rendez compte de vos résultats en terme de CA, de marges et de frais. 
Vous animez votre équipe de 40 à 45 personnes dans un souci permanent de rentabilité et d'efficacité. 
Vous disposerez de tous les moyens nécessaires à votre action.
Vous avez une très bonne ma&icirc;trise des produits frais (LS et Traditionnels) Homme femme de terrain et de commerce, spécialiste des produits frais, bon négociateur, vous avez le potentiel pour évoluer vers la direction d'un magasin à moyen terme Vous possédez obligatoirement une expérience similiaire de préférence chez un indépendant.",2020-05-19T09:22:29.000Z,2023-12-12T19:08:44.000Z,D1509,Responsable grande distribution,Chef de département produits frais,CDI,Contrat à durée indéterminée,Contrat travail,E,Expérience exigée,False,1,False,62 - ST OMER,50.763422,2.275524,62500,62765,Palmer International,"Hypermarché indépendant de 5 000 m&sup2; recherche un e
Chef de département Produits Frais H F",False,2,https://candidat.pole-emploi.fr/offres/recherche/detail/0289947,"[{'nom': 'DISTRIJOB', 'url': 'https://www.distrijob.fr/offre-emploi/chef-de-departement-produits-frais-saint-omer-1203107.aspx?utm_source=pole-emploi&utm_medium=referral&utm_campaign=chef-de-departement-alimentaire', 'logo': 'https://www.pole-emploi.fr/static/img/partenaires/distrijob80.png'}]",,
0041344,Opticien lunetier (H/F),"Titulaire d'un BTS Opticien-Lunetier, vous disposez d'une expérience minimum de 2 ans dans le domaine de l'optique. Vous effectuez le montage et l'ajustement des produits, ainsi que les examens de vue. Vous accueillez, conseillez le client et réalisez les ventes en conséquence. Sous la responsabilité de votre responsable, vous assurez la présentation générale du magasin. Poste à pourvoir immédiatement à temps plein en CDI. Travail du Lundi au Samedi. Rémunération fixe + prime annuelle + prime de participation + prime d'intéressement + prime mensuelle.
Type d'emploi : Temps plein, CDI
 
Salaire : 1770&euro;
 Vous êtes dynamique, rigoureux et avez un attrait pour le commerce, merci de nous envoyer votre candidature par mail.",2020-05-10T12:42:34.000Z,2023-12-19T17:53:48.000Z,J1405,Optique - lunetterie,Opticien-lunetier / Opticienne-lunetière,CDI,Contrat à durée indéterminée,Contrat travail,E,Expérience exigée,False,1,False,69 - CHAPONNAY,45.63657,4.949114,69970,69270,Leclerc Saint-Priest,"Entreprise Leclerc Chaponnay recherche : 
 
Opticien Lunetier H F",False,2,https://candidat.pole-emploi.fr/offres/recherche/detail/0041344,"[{'nom': 'DISTRIJOB', 'url': 'https://www.distrijob.fr/offre-emploi/opticien-lunetier-h-f-chaponnay-1121287.aspx?utm_source=pole-emploi&utm_medium=referral&utm_campaign=opticien', 'logo': 'https://www.pole-emploi.fr/static/img/partenaires/distrijob80.png'}]",,
8814211,Chef de rayon epicerie (H/F),"Sous l'autorité de la direction et de votre chef de secteur,
vous managez une équipe de 10 personnes 
vous appliquez la politique commerciale définie par la direction.
vous êtes responsable de vos gammes, de l'animation et la théatralisation de vos rayons et allée centrale.
vous ma&icirc;trisez parfaitement les outils informatiques ( gestion de stocks et commandes ) 
Vous êtes responsable de vos achats ( permanent et promo )
Enfin vous assurez la bonne gestion du rayon ( CA, marge, Frais de personnel ) Vous bénéficiez d'une expérience sur un poste similaire. 
la connaissance des magasins indépendants sera un plus.
Vous voulez rejoindre une équipe et un projet d'envergure ( agrandissement )
Salaire selon profil ( 13ème mois, intéressement, participation, prime de résultat )",2020-03-29T05:11:36.000Z,2023-12-19T17:52:53.000Z,D1502,Management/gestion de rayon produits alimentaires,Chef de rayon épicerie,CDI,Contrat à durée indéterminée,Contrat travail,E,Expérience exigée,False,1,False,92 - COLOMBES,48.922535,2.247799,92700,92025,Leclerc Colombes,"Hypermarché indépendant de 3700 M2 en zone urbaine ouvert depuis les années 2000,
nous recherchons un Chef de RAYON EPICERIE",False,2,https://candidat.pole-emploi.fr/offres/recherche/detail/8814211,"[{'nom': 'DISTRIJOB', 'url': 'https://www.distrijob.fr/offre-emploi/chef-de-rayon-epicerie-colombes-1173286.aspx?utm_source=pole-emploi&utm_medium=referral&utm_campaign=manager-de-rayon-alimentaire-hors-produits-frais', 'logo': 'https://www.pole-emploi.fr/static/img/partenaires/distrijob80.png'}]",,
7409178,Responsable marée (H/F),"Vous encadrerez jusqu'à 4 collaborateurs.
Vous serez directement sous l'autorité du Directeur.
 
 
 
Dans un magasin leader sur sa zone, vous saurez mettre en pratique votre expérience.
Vous saurez mettre en place une stratégie gagnante après une vacance de poste de plusieurs mois.
Votre candidature sera confidentielle si vous êtes en poste actuellement.
Envoyez votre CV avec la référence MAR84.",2020-02-20T11:37:15.000Z,2024-01-05T03:02:08.000Z,D1502,Management/gestion de rayon produits alimentaires,Chef de rayon poissonnerie,CDI,Contrat à durée indéterminée,Contrat travail,E,Expérience exigée,False,1,False,84 - Vaucluse,,,,,Team Coaching,"Un hypermarché indépendant du Vaucluse recherche un
 
RESPONSABLE MAR E (H F)",False,2,https://candidat.pole-emploi.fr/offres/recherche/detail/7409178,"[{'nom': 'DISTRIJOB', 'url': 'https://www.distrijob.fr/offre-emploi/responsable-maree-vaucluse-1067344.aspx?utm_source=pole-emploi&utm_medium=referral&utm_campaign=', 'logo': 'https://www.pole-emploi.fr/static/img/partenaires/distrijob80.png'}]",,
7107800,Responsable epicerie (H/F),"Dans un magasin très fréquenté leader sur sa zone, vous saurez mettre en pratique votre dynamisme et votre envie de réussir.
Vous encadrerez plus d'une quinzaine de collaborateurs.
Vous possédez une ou plusieurs expériences réussies dans la gestion d'un important rayon.
 
Vous savez utiliser et un management dosé, adapté à différentes personnalités et participatif.
Vous serez directement sous l'autorité du responsable de département.
 
La candidature d'un postulant provenant d'une enseigne intégrée pourra être étudiée.
Votre candidature sera confidentielle si vous êtes en poste actuellement.
Envoyez votre CV avec la référence EP83 à enzomonnet @ orange.fr",2020-02-13T20:10:23.000Z,2023-12-19T17:54:27.000Z,D1106,Vente en alimentation,Épicier / Épicière,CDI,Contrat à durée indéterminée,Contrat travail,E,Expérience exigée,False,1,False,Provence-Alpes-Côte d'Azur,,,,,,"Un hypermarché indépendant dans la zone Toulonnaise recherche un
 
RESPONSABLE EPICERIE (H F)",False,2,https://candidat.pole-emploi.fr/offres/recherche/detail/7107800,"[{'nom': 'DISTRIJOB', 'url': 'https://www.distrijob.fr/offre-emploi/responsable-epicerie-provence-alpes-cote-azur-1086361.aspx?utm_source=pole-emploi&utm_medium=referral&utm_campaign=', 'logo': 'https://www.pole-emploi.fr/static/img/partenaires/distrijob80.png'}]",,
1349788,Chef de rayon dph (H/F),"ACTIVITE COMMERCIALE : 
 
Go&ucirc;t pour le Marketing au travers d'études de marché 
 
Garantir la bonne transmission des décisions avec le Responsable de département PGC à ses ELS. 
 
GESTION COMMERCIALE : 
 
En coordination avec le Directeur vous mettez en les stratégies de votre rayon sur ses objectifs. 
 
Négocie en directe avec les fournisseurs 
 
MANAGEMENT 
 
Vous évalue vos besoins en personnel, en fonction des objectifs et des frais de personnel qui vous sont demandés. 
 
Vous assurez la Formation technique des ELS de vos rayons et proposez au Directeur les éventuelles formations complémentaires. 
 
LEGISLATION : 
 
Vous êtes chargé de sensibiliser les ELS sur l'importance de la démarque connue ou inconnue sur les résultats du magasin. Si possible expérience fournisseurs. 
 
Rigueur,méthode, management, sens des responsabilités sont des qualités attendues. 
Rémunération attractive salaire X 13 + intér +partic",2019-09-16T18:12:47.000Z,2024-01-09T20:13:44.000Z,D1503,Management/gestion de rayon produits non alimentaires,Chef de rayon informatique,CDI,Contrat à durée indéterminée,Contrat travail,E,Expérience exigée,False,1,False,67 - STRASBOURG,48.579831,7.761454,67000,67482,Cabinet Michel Gérard,"Cabinet de Recrutement Michel GERARD, référence depuis plus de 40 ans dans le métier de Conseil en Stratégie de développement dans la Grande Distribution ( GMS GSS ), assure à ses Clients et CANDIDATS: proximité, expertise et valeur ajoutée. 
 
recherche pour son client Grande distrution hypermarché 3.000 M2 recherche 
 
 Chef de RAYON Droguerie   hygiène   parfumerie H F",False,2,https://candidat.pole-emploi.fr/offres/recherche/detail/1349788,"[{'nom': 'DISTRIJOB', 'url': 'https://www.distrijob.fr/offre-emploi/chef-de-rayon-dph-h-f-strasbourg-1133100.aspx?utm_source=pole-emploi&utm_medium=referral&utm_campaign=responsable-de-rayon-produits-non-alimentaires', 'logo': 'https://www.pole-emploi.fr/static/img/partenaires/distrijob80.png'}]",,
9691606,Chef de rayon produits frais (H/F),"Sous l'autorité du Directeur du magasin 
 
Analyser la situation de départ, prendre en compte toutes les dimensions de la situation économiques, de la boucherie L S et TRAD, volaille, charcuterie coupe et marée 
. Recherche des axes de développement. 
. Plan de progrès. 
. Négocier avec les fournisseurs. 
. Adopter une vision stratégique par délégation. 
. Assurer la cohérence de l'ensemble. 
. Agir en tant que patron 
 
. Salaire mensuel X 13 + intér + part = 15 mois + primes Une expérience réussie en Produits frais -marée   boucherie de 3 à 5 ans 
 
- Chef de rayon produits frais en hypermarché objectif vous former au poste de chef de département",2019-08-03T18:46:10.000Z,2024-01-09T20:15:38.000Z,D1502,Management/gestion de rayon produits alimentaires,Chef de rayon produits frais,CDI,Contrat à durée indéterminée,Contrat travail,E,Expérience exigée,False,1,False,60 - NOGENT SUR OISE,49.276109,2.469,60180,60463,Cabinet Michel Gérard,"Cabinet de Recrutement Michel GERARD, référence depuis plus de 40 ans dans le métier de Conseil en Stratégie de Développement dans la Grande Distribution (GMS  GSS ), assure à ses clients et candidats: proximité, expertise et valeur ajoutée, recherche pour son client SUPERMACHE (alimentaire) 
 
Chef de RAYON Produis Frais  H F",False,2,https://candidat.pole-emploi.fr/offres/recherche/detail/9691606,"[{'nom': 'DISTRIJOB', 'url': 'https://www.distrijob.fr/offre-emploi/chef-de-rayon-produits-frais-h-f-nogent-sur-oise-1112454.aspx?utm_source=pole-emploi&utm_medium=referral&utm_campaign=manager-rayon-alimentaire', 'logo': 'https://www.pole-emploi.fr/static/img/partenaires/distrijob80.png'}]",,
